"Country","Period","EFW Change"
"Nicaragua","1990-1995",2.85
"Uganda","1990-1995",2.33
"Argentina","1990-1995",2.14
"Peru","1990-1995",2.1
"El Salvador","1990-1995",2.02
"Romania","2000-2005",1.79
"Tanzania","1990-1995",1.69
"Kuwait","1980-1985",1.65
"Bolivia","1985-1990",1.62
"Dominican Republic","1990-1995",1.62
"Zambia","1990-1995",1.55
"Bulgaria","2000-2005",1.52
"Costa Rica","1985-1990",1.47
"Paraguay","1990-1995",1.47
"Mauritius","1980-1985",1.46
"Ghana","1985-1990",1.39
"Poland","1990-1995",1.38
"Iceland","1985-1990",1.34
"Myanmar","2010-2015",1.34
"Trinidad and Tobago","1990-1995",1.31
"Croatia","1995-2000",1.3
"Rwanda","1995-2000",1.3
"Haiti","1990-1995",1.28
"Malta","1990-1995",1.23
"Zimbabwe","2005-2010",1.21
"Portugal","1975-1980",1.17
"Russian Federation","1990-1995",1.17
"Latvia","1995-2000",1.16
"Mexico","1985-1990",1.15
"Philippines","1985-1990",1.14
"Lithuania","1995-2000",1.13
"Nigeria","1995-2000",1.13
"Türkiye","1980-1985",1.1
"Chile","1975-1980",1.09
"Madagascar","1995-2000",1.08
"Benin","1985-1990",1.07
"Guatemala","1990-1995",1.07
"Hungary","1990-1995",1.07
"Jordan","1995-2000",1.07
"Angola","2005-2010",1.04
"Brazil","1985-1990",1.04
"New Zealand","1985-1990",1.04
"Estonia","1990-1995",1.03
"Togo","1980-1985",1.03
"Ukraine","1995-2000",1.03
"Belize","2000-2005",1.02
"South Africa","1990-1995",1.02
"Bangladesh","1995-2000",1
