"pair","proxy","estimator","att_no_dq","att_dq","hidden","se","ci_lo","ci_hi","p_value","pct_change"
"A","con_int","PSM NN3",-1.8179,-1.3761,0.4418,2.0055,-3.1087,4.3865,0.8256,24.304
"A","con_int","PSM Kernel",-2.4977,-1.5645,0.9332,1.1296,-1.235,3.3392,0.4087,37.3614
"A","con_int","Mahalanobis NN3 (BA)",-3.1554,-2.3393,0.8161,NA,NA,NA,NA,25.8639
"A","rp","PSM NN3",-1.8179,-1.6676,0.1503,2.0247,-2.8788,4.8468,0.9408,8.2663
"A","rp","PSM Kernel",-2.4977,-2.2955,0.2022,1.017,-1.0762,2.8016,0.8424,8.0958
"A","rp","Mahalanobis NN3 (BA)",-3.1554,-2.1134,1.042,NA,NA,NA,NA,33.0232
"B","con_int","PSM NN3",-2.6496,-1.2354,1.4142,1.9944,-3.1726,4.565,0.4783,53.3739
"B","con_int","PSM Kernel",-2.6051,-1.4526,1.1525,1.0736,-1.0154,3.0136,0.2831,44.241
"B","con_int","Mahalanobis NN3 (BA)",-3.2084,-2.6244,0.5841,NA,NA,NA,NA,18.2041
"B","rp","PSM NN3",-2.6496,-1.5037,1.1459,1.9938,-3.4814,4.4604,0.5655,43.2486
"B","rp","PSM Kernel",-2.6051,-2.0896,0.5155,1.0007,-1.4487,2.6847,0.6065,19.7875
"B","rp","Mahalanobis NN3 (BA)",-3.2084,-2.3525,0.8559,NA,NA,NA,NA,26.6772
"C","con_int","PSM NN3",4.7269,4.3462,-0.3806,3.0559,-7.6634,4.8739,0.9009,-8.0528
"C","con_int","PSM Kernel",-0.215,0.2932,0.5082,1.2652,-2.2855,2.7502,0.6879,236.4103
"C","con_int","Mahalanobis NN3 (BA)",0.4584,0.148,-0.3104,NA,NA,NA,NA,-67.7108
"C","rp","PSM NN3",4.7269,4.9445,0.2177,2.6112,-6.1409,4.2308,0.9336,4.6046
"C","rp","PSM Kernel",-0.215,0.1651,0.38,1.2461,-2.2047,2.0744,0.7604,176.7877
"C","rp","Mahalanobis NN3 (BA)",0.4584,0.237,-0.2214,NA,NA,NA,NA,-48.2938
"D","con_int","PSM NN3",3.8017,5.2714,1.4696,3.1405,-7.4231,4.6053,0.6398,38.6566
"D","con_int","PSM Kernel",-0.261,0.1932,0.4543,1.1742,-2.0097,2.8163,0.6989,174.0315
"D","con_int","Mahalanobis NN3 (BA)",0.7199,-0.1808,-0.9007,NA,NA,NA,NA,-125.1203
"D","rp","PSM NN3",3.8017,3.4667,-0.335,2.8614,-6.6054,5.3754,0.9068,-8.8122
"D","rp","PSM Kernel",-0.261,0.1259,0.3869,1.2074,-2.2087,2.344,0.7486,148.2209
"D","rp","Mahalanobis NN3 (BA)",0.7199,0.6606,-0.0592,NA,NA,NA,NA,-8.2305
"B_country","con_int","PSM NN3",-2.0076,-1.4262,0.5814,1.8536,-2.8565,4.3273,0.7538,28.9601
"B_country","con_int","PSM Kernel",-2.9609,-1.8132,1.1477,1.227,-0.8017,3.6757,0.3496,38.7604
"B_country","con_int","Mahalanobis NN3 (BA)",-3.9825,-2.7519,1.2305,NA,NA,NA,NA,30.8986
"B_country","rp","PSM NN3",-2.0076,-0.5724,1.4353,1.8955,-3.0129,4.1118,0.4489,71.4909
"B_country","rp","PSM Kernel",-2.9609,-2.1442,0.8166,1.0572,-1.4112,2.8939,0.4398,27.5811
"B_country","rp","Mahalanobis NN3 (BA)",-3.9825,-3.1083,0.8742,NA,NA,NA,NA,21.951
"D_country","con_int","PSM NN3",6.3816,5.1389,-1.2427,3.473,-6.4712,5.4859,0.7205,-19.4731
"D_country","con_int","PSM Kernel",3.1998,0.2804,-2.9194,1.786,-4.481,3.7734,0.1021,-91.2358
"D_country","con_int","Mahalanobis NN3 (BA)",-1.3521,-3.4046,-2.0524,NA,NA,NA,NA,-151.7895
"D_country","rp","PSM NN3",6.3816,5.9415,-0.4401,2.9076,-5.4849,6.6026,0.8797,-6.8968
"D_country","rp","PSM Kernel",3.1998,3.3509,0.1511,1.7036,-3.3003,4.0097,0.9293,4.722
"D_country","rp","Mahalanobis NN3 (BA)",-1.3521,-1.7496,-0.3974,NA,NA,NA,NA,-29.3939
