"Variable","Mean","SD","Min","Max"
"change_IM",-6.222,6.942,-52.196,39.27
"infantmortality",40.214,36.798,1.988,155.637
"con_int",6.66,7.568,0.074,64.999
"rp",0.071,0.062,0.014,0.688
"EFWdiff",0.136,0.549,-2.43,2.85
"lagEFW",6.051,1.367,2.35,8.82
"laghc",2.166,0.719,1.015,3.703
"laglngdppc",8.792,1.174,6.059,11.445
"laggdpc_5growth",0.117,0.223,-1.347,1.545
"laglngdppc2",78.676,20.638,36.715,130.987
"lagfertilrate",3.711,1.98,1.085,8.461
"lagoldagedep",11.278,6.771,0.796,35.073
"lagpolity2",2.939,7.075,-10,10
"lagurbanpop",52.724,23.159,2.845,100
"lag_IM",46.435,40.478,2.247,175.116
"lag_con_int",7.429,8.271,0.087,66.708
"lag_rp",0.067,0.048,0.014,0.449
